repo_name,high_ccp_quality_avg,high_ccp_quality_std,files
metasfresh/metasfresh,1.0,0.0,2207
intuit/QuickBooks-V3-Java-SDK,1.0,0.0,277
structr/structr,0.99629629629629624,0.060858061945018471,270
aws/aws-sdk-java,1.0,0.0,266
hazelcast/hazelcast,0.040540540540540543,0.19766893954601203,222
esig/dss,1.0,0.0,205
awsdocs/aws-doc-sdk-examples,1.0,0.0,201
gchq/stroom,1.0,0.0,153
mars-sim/mars-sim,0.0,0.0,147
AndroidX/androidx,0.0,0.0,145
VietOpenCPS/opencps-v2,1.0,0.0,144
micromata/projectforge,1.0,0.0,141
JabRef/jabref,0.0,0.0,140
jenetics/jenetics,1.0,0.0,134
dbeaver/dbeaver,0.94262295081967218,0.23352067627035974,122
vespa-engine/vespa,0.64406779661016955,0.48083658806725948,118
jenkinsci/jenkins,1.0,0.0,115
didi/DoraemonKit,1.0,0.0,114
axelor/axelor-business-suite,1.0,0.0,112
aws/aws-sdk-java-v2,1.0,0.0,110
MyRobotLab/myrobotlab,0.967391304347826,0.17858337274913311,92
OpenLiberty/open-liberty,0.75000000000000011,0.43538539199247328,92
aspose-words/Aspose.Words-for-Java,1.0,0.0,91
timmolter/XChange,1.0,0.0,90
bazelbuild/bazel,0.348314606741573,0.47913567056413764,89
Telegram-FOSS-Team/Telegram-FOSS,1.0,0.0,86
apache/ignite,0.012048192771084338,0.10976425998969035,83
apereo/cas,0.012345679012345678,0.1111111111111111,81
fogbeam/cas_mirror,0.012345679012345678,0.1111111111111111,81
shardingjdbc/sharding-jdbc,0.05,0.21932000780317515,80
apache/incubator-shardingsphere,0.05,0.21932000780317515,80
line/armeria,0.0,0.0,79
zstackio/zstack,0.050632911392405069,0.22064789082034389,79
GerritCodeReview/gerrit,0.026315789473684209,0.16113631583445662,76
eXist-db/exist,0.0,0.0,69
Sage-Bionetworks/Synapse-Repository-Services,1.0,0.0,67
yahoo/pulsar,0.0,0.0,65
pepstock-org/Charba,1.0,0.0,62
khartec/waltz,1.0,0.0,60
splicemachine/spliceengine,0.0,0.0,55
wso2/devstudio-tooling-esb,0.94444444444444409,0.23121228232266422,54
lunisolar/magma,0.981132075471698,0.13736056394868904,53
quarkusio/quarkus,0.2156862745098039,0.41539020162714857,51
hartwigmedical/hmftools,1.0,0.0,50
git-moss/DrivenByMoss,0.0,0.0,49
apache/beam,0.20833333333333337,0.41041407908605759,48
eclipse/kapua,0.93749999999999956,0.24462302739504088,48
google/ExoPlayer,1.0,0.0,47
dzhw/metadatamanagement,1.0,0.0,47
spring-projects/spring-boot,1.0,0.0,47
marklogic/java-client-api,1.0,0.0,46
CCAFS/MARLO,1.0,0.0,45
apache/flink,0.11363636363636363,0.32103822064055038,44
dhis2/dhis2-android-sdk,0.84090909090909094,0.36998942902446824,44
ppatierno/kaas,0.0,0.0,42
skylot/jadx,0.0,0.0,41
MariaDB/mariadb-connector-j,1.0,0.0,41
wildfly/wildfly,0.9729729729729728,0.16439898730535729,37
apache/skywalking,0.0,0.0,37
hortonworks/cloudbreak,0.56756756756756743,0.50224720233392262,37
triplea-game/triplea,0.0,0.0,36
commons-app/apps-android-commons,0.0,0.0,36
bitrich-info/xchange-stream,1.0,0.0,36
dhis2/dhis2-core,0.8,0.40583972495671383,35
wu-sheng/sky-walking,0.0,0.0,35
finmath/finmath-lib,1.0,0.0,34
prestodb/presto,0.72727272727272707,0.45226701686664544,33
palantir/atlasdb,0.0,0.0,33
DBCG/cql_measure_processor,1.0,0.0,33
DBCG/cqf-ruler,1.0,0.0,32
jolie/jolie,0.0,0.0,30
CloudSlang/cs-actions,1.0,0.0,30
apache/camel,0.48275862068965519,0.5085476277156078,29
openpnp/openpnp,0.0,0.0,29
jamesagnew/hapi-fhir,0.51724137931034486,0.5085476277156078,29
flowable/flowable-engine,0.96551724137931028,0.18569533817705186,29
dimagi/commcare-android,1.0,0.0,29
graalvm/fastr,0.96428571428571419,0.18898223650461363,28
Azure/azure-sdk-for-java,0.035714285714285712,0.1889822365046136,28
micrometer-metrics/micrometer,0.22222222222222224,0.42365927286816168,27
akvo/akvo-flow-mobile,1.0,0.0,27
Alluxio/alluxio,0.0,0.0,26
kiegroup/drools,0.0,0.0,26
droolsjbpm/drools,0.0,0.0,26
danrien/projectBlueWater,0.0,0.0,25
opencb/opencga,1.0,0.0,25
yamcs/yamcs,0.91666666666666652,0.28232985128664,24
reactor/reactor-core,0.0,0.0,24
jcryptool/crypto,0.86956521739130421,0.344350221575091,23
theScrabi/NewPipe,0.9130434782608694,0.28810406552003043,23
zaproxy/zap-extensions,0.9130434782608694,0.28810406552003043,23
DBCG/cql_engine,0.0,0.0,22
orientechnologies/orientdb,0.909090909090909,0.2942449431682499,22
korpling/ANNIS,1.0,0.0,22
webanno/webanno,1.0,0.0,22
SpongePowered/Sponge,0.095238095238095233,0.30079260375911915,21
iterate-ch/cyberduck,0.0,0.0,21
rroart/stockstat,1.0,0.0,21
CloudSlang/score-actions,1.0,0.0,21
BaseXdb/basex,0.94999999999999984,0.223606797749979,20
actiontech/dble,0.39999999999999997,0.50262468995003462,20
runelite/runelite,0.75000000000000011,0.4442616583193193,20
mercadopago/px-android,0.0,0.0,20
bcvsolutions/CzechIdMng,0.89999999999999991,0.30779350562554625,20
gravitee-io/gravitee-management-rest-api,0.0,0.0,20
apache/helix,0.0,0.0,19
CreativeMD/LittleTiles,0.0,0.0,19
thebigg73/OpenSongTablet,0.0,0.0,19
zielu/GitToolBox,1.0,0.0,19
beast-dev/beast-mcmc,1.0,0.0,19
reportportal/commons-dao,0.88888888888888873,0.32338083338177731,18
FAForever/downlords-faf-client,0.0,0.0,18
CenturyLinkCloud/mdw,1.0,0.0,18
JpressProjects/jpress,1.0,0.0,18
DeviceConnect/DeviceConnect-Android,1.0,0.0,18
apache/accumulo,0.0,0.0,17
redisson/redisson,0.29411764705882354,0.46966821831386213,17
wso2/carbon-apimgt,0.6470588235294118,0.49259218307188896,17
andstatus/andstatus,0.0,0.0,17
sk89q/CommandHelper,0.0,0.0,17
GoldenGnu/jeveassets,0.88235294117647045,0.33210558207753577,17
Shadorc/Shadbot,1.0,0.0,17
tuura/workcraft,1.0,0.0,17
yegor256/cactoos,1.0,0.0,17
adaptris/interlok,1.0,0.0,17
workcraft/workcraft,1.0,0.0,17
b2ihealthcare/snow-owl,1.0,0.0,17
cgeo/cgeo,0.0,0.0,16
netty/netty,0.0,0.0,16
mcMMO-Dev/mcMMO,0.0,0.0,16
google/closure-compiler,0.125,0.34156502553198659,16
NationalSecurityAgency/ghidra,0.1875,0.40311288741492751,16
00-Evan/shattered-pixel-dungeon,0.1875,0.40311288741492751,16
lime-company/lime-security-powerauth-webauth,0.0,0.0,16
ontop/ontop,1.0,0.0,16
forrestguice/SuntimesWidget,1.0,0.0,16
CIRDLES/Squid,0.0,0.0,15
telstra/open-kilda,0.73333333333333339,0.45773770821706344,15
fabric8io/kubernetes-client,0.066666666666666666,0.2581988897471611,15
spring-cloud/spring-cloud-aws,0.0,0.0,15
wso2/carbon-identity-framework,0.4,0.50709255283711,15
lucko/LuckPerms,1.0,0.0,15
quantxt/NLPAnalytics,1.0,0.0,15
gocd/gocd,0.0,0.0,14
crate/crate,0.5714285714285714,0.51355259101309547,14
CESNET/perun,0.8571428571428571,0.36313651960128146,14
Thatsmusic99/HeadsPlus,0.92857142857142849,0.2672612419124244,14
EBIBioSamples/biosamples-v4,1.0,0.0,14
ibissource/iaf,0.076923076923076927,0.27735009811261457,13
rzwitserloot/lombok,0.076923076923076927,0.27735009811261457,13
GIScience/openrouteservice-core,0.0,0.0,13
spring-projects/spring-security,0.0,0.0,13
spring-projects/spring-framework,0.0,0.0,13
spring-cloud/spring-cloud-dataflow,0.0,0.0,13
metaborg/nabl,1.0,0.0,13
zaproxy/zaproxy,1.0,0.0,13
bdezonia/zorbage,1.0,0.0,13
Scarsz/DiscordSRV,1.0,0.0,13
DV8FromTheWorld/JDA,1.0,0.0,13
googleads/google-ads-java,1.0,0.0,13
alibaba/fastjson,0.0,0.0,12
ilscipio/scipio-erp,0.0,0.0,12
CognizantOneDevOps/Insights,0.0,0.0,12
wso2-extensions/identity-inbound-auth-oauth,0.083333333333333329,0.28867513459481287,12
rsksmart/rskj,1.0,0.0,12
metaborg/jsglr,1.0,0.0,12
yangfuhai/jboot,1.0,0.0,12
stripe/stripe-java,1.0,0.0,12
google/ground-android,1.0,0.0,12
Subterranean-Security/Sandpolis,1.0,0.0,12
molgenis/molgenis,0.0,0.0,11
aherbert/GDSC-SMLM,0.0,0.0,11
mediathekview/MServer,0.0,0.0,11
DragonetMC/DragonProxy,0.0,0.0,11
reportportal/service-api,0.27272727272727276,0.46709936649691375,11
pedroSG94/rtmp-rtsp-stream-client-java,0.0,0.0,11
ml4j/ml4j-impl,1.0,0.0,11
UweTrottmann/SeriesGuide,1.0,0.0,11
apache/hadoop,0.2,0.42163702135578385,10
crapo/sadlos2,0.0,0.0,10
BiBiServ/bibigrid,0.0,0.0,10
Netflix/conductor,0.7,0.48304589153964794,10
getsentry/raven-java,0.0,0.0,10
streamsets/datacollector,0.0,0.0,10
SpongePowered/SpongeCommon,0.0,0.0,10
CancerCollaboratory/dockstore,0.1,0.31622776601683794,10
IntellectualSites/PlotSquared,0.7,0.48304589153964794,10
languagetool-org/languagetool,0.3,0.48304589153964794,10
dotwebstack/dotwebstack-framework,0.0,0.0,10
GerritCodeReview/plugins_replication,0.0,0.0,10
apache/syncope,1.0,0.0,10
project-ncl/pnc,1.0,0.0,10
lamsfoundation/lams,1.0,0.0,10
aterai/java-swing-tips,1.0,0.0,10
Aptoide/aptoide-client-v8,1.0,0.0,10
zyxakarene/LearningOpenGl,1.0,0.0,10
3dcitydb/importer-exporter,1.0,0.0,10
reportportal/commons-model,1.0,0.0,10
apache/calcite,0.22222222222222221,0.44095855184409838,9
Peergos/Peergos,0.33333333333333331,0.5,9
kasonyang/kalang,0.0,0.0,9
JMRI/EngineDriver,0.0,0.0,9
killbill/killbill,0.0,0.0,9
AntennaPod/AntennaPod,0.88888888888888884,0.33333333333333331,9
bozimmerman/CoffeeMud,0.55555555555555558,0.52704627669472992,9
FabioZumbi12/RedProtect,0.0,0.0,9
spring-cloud/spring-cloud-contract,0.0,0.0,9
qtproject/qtqa-gerrit-plugin-replication,0.0,0.0,9
material-components/material-components-android,0.1111111111111111,0.33333333333333331,9
Javlo/javlo,1.0,0.0,9
prmr/JetUML,1.0,0.0,9
proarc/proarc,1.0,0.0,9
sleuthkit/autopsy,1.0,0.0,9
mpi2/PhenotypeData,1.0,0.0,9
apache/incubator-asterixdb,1.0,0.0,9
mediathekview/MediathekView,1.0,0.0,9
seata/seata,0.25,0.46291004988627571,8
facebook/buck,0.0,0.0,8
linkedin/ambry,0.0,0.0,8
Commonjava/indy,0.125,0.35355339059327379,8
google/copybara,0.0,0.0,8
networknt/light-4j,0.0,0.0,8
HubSpot/Singularity,0.0,0.0,8
google/graphicsfuzz,0.0,0.0,8
networknt/light-java,0.0,0.0,8
BiglySoftware/BiglyBT,0.125,0.35355339059327379,8
gurkenlabs/litiengine,0.5,0.53452248382484879,8
pentaho/pentaho-kettle,0.125,0.35355339059327379,8
robolectric/robolectric,0.125,0.35355339059327379,8
google/closure-templates,0.25,0.46291004988627571,8
NYRDS/pixel-dungeon-remix,0.625,0.51754916950676566,8
spencergibb/spring-cloud-gateway,0.0,0.0,8
spring-cloud-incubator/spring-cloud-gateway,0.0,0.0,8
aramsoft/aramcomp,1.0,0.0,8
softindex/datakernel,1.0,0.0,8
jstakun/device-locator,1.0,0.0,8
reflectoring/coderadar,1.0,0.0,8
Transkribus/TranskribusSwtGui,1.0,0.0,8
sarl/sarl,0.85714285714285721,0.37796447300922725,7
alibaba/nacos,0.85714285714285721,0.37796447300922725,7
sirixdb/sirix,0.2857142857142857,0.4879500364742666,7
TGAC/miso-lims,0.85714285714285721,0.37796447300922725,7
facebook/litho,0.2857142857142857,0.4879500364742666,7
keycloak/keycloak,0.85714285714285721,0.37796447300922725,7
siacs/Conversations,0.14285714285714285,0.3779644730092272,7
Aquerr/EagleFactions,0.14285714285714285,0.3779644730092272,7
powsybl/powsybl-core,0.14285714285714285,0.3779644730092272,7
vietj/vertx-pg-client,0.0,0.0,7
juergenchrist/smtinterpol,0.0,0.0,7
networknt/undertow-server,0.0,0.0,7
henrichg/PhoneProfilesPlus,0.0,0.0,7
blay09/CookingForBlockheads,0.0,0.0,7
lutece-platform/lutece-core,0.2857142857142857,0.4879500364742666,7
Adyen/adyen-java-api-library,0.0,0.0,7
pantsbuild/intellij-pants-plugin,0.0,0.0,7
robbyn/jedo,1.0,0.0,7
phax/ph-oton,1.0,0.0,7
Cognifide/APM,1.0,0.0,7
mzmine/mzmine3,1.0,0.0,7
trife/Coordinate,1.0,0.0,7
jdmonin/JSettlers2,1.0,0.0,7
authorjapps/zerocode,1.0,0.0,7
synyx/urlaubsverwaltung,1.0,0.0,7
aoindustries/aoserv-client,1.0,0.0,7
IBMStreams/streamsx.topology,1.0,0.0,7
reasonml-editor/reasonml-idea-plugin,1.0,0.0,7
o2oa/o2oa,0.83333333333333337,0.408248290463863,6
lucee/Lucee,0.5,0.54772255750516607,6
eclipse/kura,0.0,0.0,6
pgjdbc/pgjdbc,0.0,0.0,6
zeromq/jeromq,0.0,0.0,6
diennea/herddb,0.0,0.0,6
HubSpot/jinjava,0.33333333333333337,0.51639777949432231,6
batfish/batfish,0.5,0.54772255750516607,6
consulo/consulo,0.66666666666666663,0.5163977794943222,6
pravega/pravega,0.33333333333333337,0.51639777949432231,6
buchen/portfolio,0.33333333333333337,0.51639777949432231,6
clstoulouse/motu,0.0,0.0,6
pietrobraione/jbse,0.0,0.0,6
Whiley/WhileyCompiler,0.0,0.0,6
opennetworkinglab/onos,0.33333333333333337,0.51639777949432231,6
tonikelope/megabasterd,0.0,0.0,6
pousse-cafe/pousse-cafe,0.33333333333333337,0.51639777949432231,6
Graylog2/graylog2-server,0.16666666666666666,0.408248290463863,6
FabioZumbi12/UltimateChat,0.0,0.0,6
kriztan/Pix-Art-Messenger,0.0,0.0,6
appnexus/mobile-sdk-android,0.0,0.0,6
HaxeFoundation/intellij-haxe,0.0,0.0,6
compomics/compomics-utilities,0.0,0.0,6
cerberustesting/cerberus-source,0.0,0.0,6
spring-cloud/spring-cloud-sleuth,0.0,0.0,6
bengtmartensson/IrpTransmogrifier,0.0,0.0,6
DigitalCampus/oppia-mobile-android,0.83333333333333337,0.408248290463863,6
ddalton/xor,1.0,0.0,6
facebook/fresco,1.0,0.0,6
jpmml/jpmml-sparkml,1.0,0.0,6
marunjar/anewjkuapp,1.0,0.0,6
pegasus-isi/pegasus,1.0,0.0,6
yukuku/androidbible,1.0,0.0,6
lsu-ub-uu/cora-spider,1.0,0.0,6
lukas-krecan/ShedLock,1.0,0.0,6
Backendless/Android-SDK,1.0,0.0,6
cismet/cids-custom-wuppertal,1.0,0.0,6
reportportal/service-authorization,1.0,0.0,6
Col-E/Recaf,0.6,0.54772255750516607,5
AriaLyy/Aria,0.0,0.0,5
grpc/grpc-java,0.0,0.0,5
zalando/logbook,0.4,0.54772255750516619,5
apache/zookeeper,0.0,0.0,5
real-logic/Aeron,0.6,0.54772255750516607,5
broadinstitute/gatk,0.0,0.0,5
opendaylight/netvirt,0.2,0.447213595499958,5
smartloli/kafka-eagle,0.0,0.0,5
EnMasseProject/enmasse,0.0,0.0,5
lessthanoptimal/BoofCV,0.0,0.0,5
networknt/light-codegen,0.0,0.0,5
itplr-kosit/validationtool,0.0,0.0,5
OpenCubicChunks/CubicChunks,0.0,0.0,5
gravitee-io/gravitee-gateway,0.0,0.0,5
joel-costigliola/assertj-core,0.0,0.0,5
spring-cloud/spring-cloud-gcp,0.0,0.0,5
ProtocolSupport/ProtocolSupport,0.8,0.44721359549995793,5
real-logic/simple-binary-encoding,0.8,0.44721359549995793,5
mplushnikov/lombok-intellij-plugin,0.0,0.0,5
savoirfairelinux/ring-client-android,0.6,0.54772255750516607,5
UniversalMediaServer/UniversalMediaServer,0.0,0.0,5
ModernMT/MMT,1.0,0.0,5
freenet/fred,1.0,0.0,5
ctripcorp/dal,1.0,0.0,5
naver/ngrinder,1.0,0.0,5
beldenge/Zenith,1.0,0.0,5
estatio/estatio,1.0,0.0,5
jaamsim/jaamsim,1.0,0.0,5
owncloud/android,1.0,0.0,5
sodash/open-code,1.0,0.0,5
softelnet/sponge,1.0,0.0,5
swaplicado/siie32,1.0,0.0,5
craftercms/commons,1.0,0.0,5
PDXFinder/pdxfinder,1.0,0.0,5
adhuc-projects/cena,1.0,0.0,5
aika-algorithm/aika,1.0,0.0,5
GoodforGod/dummymaker,1.0,0.0,5
pcingola/BigDataScript,1.0,0.0,5
scouter-project/scouter,1.0,0.0,5
slartus/4pdaClient-plus,1.0,0.0,5
Transkribus/TranskribusCore,1.0,0.0,5
gocardless/gocardless-pro-java,1.0,0.0,5
literacyapp-org/literacyapp-web,1.0,0.0,5
igvteam/igv,0.0,0.0,4
truj/midica,0.0,0.0,4
Erudika/para,0.0,0.0,4
apache/drill,0.25,0.5,4
apache/samza,0.5,0.57735026918962573,4
google/truth,0.0,0.0,4
yadevee/yals,0.0,0.0,4
yahoo/athenz,0.75,0.5,4
apache/groovy,0.5,0.57735026918962573,4
apache/zeppelin,0.0,0.0,4
ga4gh/dockstore,0.0,0.0,4
mockito/mockito,0.0,0.0,4
groupe-sii/ogham,0.0,0.0,4
hneemann/Digital,0.75,0.5,4
conveyal/gtfs-lib,0.0,0.0,4
vert-x3/vertx-web,0.0,0.0,4
ben-manes/caffeine,0.0,0.0,4
cuba-platform/cuba,0.5,0.57735026918962573,4
gama-platform/gama,0.0,0.0,4
google/error-prone,0.5,0.57735026918962573,4
bitsquare/bitsquare,0.25,0.5,4
danrien/projectBlue,0.0,0.0,4
edx/edx-app-android,0.75,0.5,4
iBotPeaches/Apktool,0.0,0.0,4
intentionet/batfish,0.5,0.57735026918962573,4
quran/quran_android,0.0,0.0,4
yonadev/yona-server,0.0,0.0,4
otavanopisto/pyramus,0.75,0.5,4
airbnb/lottie-android,0.0,0.0,4
jedwards1211/breakout,0.0,0.0,4
kontalk/androidclient,0.0,0.0,4
ron190/jsql-injection,0.0,0.0,4
ThomasDaheim/GPXEditor,0.0,0.0,4
ankidroid/Anki-Android,0.0,0.0,4
dernasherbrezon/r2cloud,0.0,0.0,4
fogbeam/zeppelin_mirror,0.0,0.0,4
hserv/coordinated-entry,0.0,0.0,4
igniterealtime/Openfire,0.25,0.5,4
pentaho/big-data-plugin,0.75,0.5,4
OPEN-ENT-NG/vie-scolaire,0.25,0.5,4
ServiceComb/java-chassis,0.25,0.5,4
flutter/flutter-intellij,0.0,0.0,4
ow2-proactive/scheduling,0.5,0.57735026918962573,4
graphql-java/graphql-java,0.5,0.57735026918962573,4
openmicroscopy/bioformats,0.5,0.57735026918962573,4
snowflakedb/snowflake-jdbc,0.75,0.5,4
NovaFox161/DisCal-Discord-Bot,0.0,0.0,4
magicismight/react-native-svg,0.0,0.0,4
data-integrations/google-cloud,0.0,0.0,4
inaturalist/iNaturalistAndroid,0.0,0.0,4
spring-cloud/spring-cloud-commons,0.0,0.0,4
e-mission/e-mission-data-collection,0.0,0.0,4
vojtechhabarta/typescript-generator,0.75,0.5,4
react-native-community/react-native-svg,0.0,0.0,4
gravitee-io/graviteeio-access-management,0.5,0.57735026918962573,4
jimkyndemeyer/js-graphql-intellij-plugin,0.0,0.0,4
MTDdk/jawn,1.0,0.0,4
webrtc/KITE,1.0,0.0,4
ZFGCCP/ZFGC3,1.0,0.0,4
metaborg/sdf,1.0,0.0,4
kbss-cvut/jopa,1.0,0.0,4
adisandro/MMINT,1.0,0.0,4
dita-ot/dita-ot,1.0,0.0,4
dustalov/maxmax,1.0,0.0,4
etomica/etomica,1.0,0.0,4
farmerbb/Taskbar,1.0,0.0,4
apache/commons-vfs,1.0,0.0,4
rememberber/WePush,1.0,0.0,4
ME1312/SubServers-2,1.0,0.0,4
dmolony/DiskBrowser,1.0,0.0,4
liquibase/liquibase,1.0,0.0,4
sharpie7/circuitjs1,1.0,0.0,4
xwiki/xwiki-platform,1.0,0.0,4
immutables/immutables,1.0,0.0,4
neowu/core-ng-project,1.0,0.0,4
xresloader/xresloader,1.0,0.0,4
danschultequb/qub-java,1.0,0.0,4
mgtechsoftware/smockin,1.0,0.0,4
calipho-sib/nextprot-api,1.0,0.0,4
SpineEventEngine/gae-java,1.0,0.0,4
axkr/symja_android_library,1.0,0.0,4
metasfresh/metasfresh-webui,1.0,0.0,4
metasfresh/metasfresh-webui-api,1.0,0.0,4
prashant-ramcharan/courgette-jvm,1.0,0.0,4
release-engineering/pom-manipulation-ext,1.0,0.0,4
googleads/googleads-mobile-android-mediation,1.0,0.0,4
codenvy/che,0.0,0.0,3
TNG/ArchUnit,0.66666666666666663,0.57735026918962584,3
AKSW/Squirrel,0.33333333333333331,0.57735026918962584,3
apache/jmeter,0.66666666666666663,0.57735026918962584,3
javers/javers,0.33333333333333331,0.57735026918962584,3
ac2cz/FoxTelem,0.0,0.0,3
UniTime/unitime,0.66666666666666663,0.57735026918962584,3
ZeXtras/OpenZAL,0.0,0.0,3
tlaplus/tlaplus,0.0,0.0,3
ReactiveX/RxJava,0.0,0.0,3
ctripcorp/x-pipe,0.66666666666666663,0.57735026918962584,3
timmolter/XChart,0.0,0.0,3
bozaro/git-as-svn,0.0,0.0,3
cucumber/cucumber,0.66666666666666663,0.57735026918962584,3
optimatika/ojAlgo,0.66666666666666663,0.57735026918962584,3
spinnaker/halyard,0.0,0.0,3
Mantaro/MantaroBot,0.0,0.0,3
adrcotfas/Goodtime,0.33333333333333331,0.57735026918962584,3
jenkinsci/remoting,0.0,0.0,3
GreenDelta/olca-app,0.66666666666666663,0.57735026918962584,3
SeleniumHQ/selenium,0.66666666666666663,0.57735026918962584,3
TEAMMATES/teammates,0.0,0.0,3
apache/commons-jexl,0.0,0.0,3
drtshock/Essentials,0.0,0.0,3
exch-bms2/beatoraja,0.66666666666666663,0.57735026918962584,3
iGoodie/TwitchSpawn,0.0,0.0,3
F1rst-Unicorn/stocks,0.33333333333333331,0.57735026918962584,3
treasure-data/digdag,0.33333333333333331,0.57735026918962584,3
cucumber/cucumber-jvm,0.0,0.0,3
qtproject/qtqa-gerrit,0.0,0.0,3
GreenDelta/olca-modules,0.66666666666666663,0.57735026918962584,3
codenameone/CodenameOne,0.0,0.0,3
graphhopper/graphhopper,0.33333333333333331,0.57735026918962584,3
Geforce132/SecurityCraft,0.0,0.0,3
palantir/gradle-baseline,0.0,0.0,3
toolbox4minecraft/amidst,0.0,0.0,3
apache/incubator-zeppelin,0.0,0.0,3
broadinstitute/hellbender,0.0,0.0,3
genome-nexus/genome-nexus,0.0,0.0,3
javaito/HolandaCatalinaFw,0.0,0.0,3
FasterXML/jackson-databind,0.66666666666666663,0.57735026918962584,3
TeamAmaze/AmazeFileManager,0.0,0.0,3
arpitkh96/AmazeFileManager,0.0,0.0,3
data-integrations/wrangler,0.66666666666666663,0.57735026918962584,3
telefonicaid/fiware-cygnus,0.0,0.0,3
HedvigInsurance/bot-service,0.33333333333333331,0.57735026918962584,3
future-architect/uroborosql,0.0,0.0,3
apollographql/apollo-android,0.0,0.0,3
camunda/camunda-bpm-platform,0.0,0.0,3
vsilaev/tascalate-concurrent,0.0,0.0,3
wcm-io-qa/wcm-io-qa-galenium,0.0,0.0,3
ChestShop-authors/ChestShop-3,0.0,0.0,3
Leanplum/Leanplum-Android-SDK,0.0,0.0,3
firebase/firebase-android-sdk,0.0,0.0,3
thelastpickle/cassandra-reaper,0.0,0.0,3
spring-cloud/spring-cloud-config,0.0,0.0,3
stefan-niedermann/OwnCloud-Notes,0.66666666666666663,0.57735026918962584,3
stefan-niedermann/nextcloud-notes,0.66666666666666663,0.57735026918962584,3
AnaelMobilia/NextINpact-Unofficial,0.0,0.0,3
yidongnan/grpc-spring-boot-starter,0.0,0.0,3
wso2-extensions/identity-governance,0.66666666666666663,0.57735026918962584,3
OpenSeizureDetector/Android_Pebble_SD,0.0,0.0,3
cqframework/clinical_quality_language,0.0,0.0,3
asciidoctor/asciidoctor-intellij-plugin,0.66666666666666663,0.57735026918962584,3
UH-StudentServices/mystudies-myteaching-backend,0.66666666666666663,0.57735026918962584,3
gspd/iSPD,1.0,0.0,3
nzilbb/ag,1.0,0.0,3
icgc-dcc/SONG,1.0,0.0,3
sormuras/bach,1.0,0.0,3
Esilen/GCBatch,1.0,0.0,3
alpha-asp/Alpha,1.0,0.0,3
cache2k/cache2k,1.0,0.0,3
danigiri/morfeu,1.0,0.0,3
mabe02/lanterna,1.0,0.0,3
msmobility/silo,1.0,0.0,3
phax/ph-commons,1.0,0.0,3
renekrie/querqy,1.0,0.0,3
Metatavu/edelphi,1.0,0.0,3
b3dgs/lionengine,1.0,0.0,3
qiniu/android-sdk,1.0,0.0,3
jamorham/xDrip-plus,1.0,0.0,3
scalecube/scalecube,1.0,0.0,3
wso2/security-tools,1.0,0.0,3
elexis/elexis-3-core,1.0,0.0,3
AdeptJ/adeptj-modules,1.0,0.0,3
JustBurrow/kobalttown,1.0,0.0,3
jonasoreland/runnerup,1.0,0.0,3
lukas-krecan/JsonUnit,1.0,0.0,3
openflexo-team/pamela,1.0,0.0,3
phax/peppol-directory,1.0,0.0,3
reloZid/android-anuto,1.0,0.0,3
wcm-io/wcm-io-handler,1.0,0.0,3
wcm-io/wcm-io-caconfig,1.0,0.0,3
apache/commons-compress,1.0,0.0,3
lettuce-io/lettuce-core,1.0,0.0,3
yanagishima/yanagishima,1.0,0.0,3
phax/peppol-yellow-pages,1.0,0.0,3
qiscus/qiscus-sdk-android,1.0,0.0,3
NightscoutFoundation/xDrip,1.0,0.0,3
TooTallNate/Java-WebSocket,1.0,0.0,3
robertvazan/sourceafis-java,1.0,0.0,3
servicefabric/servicefabric,1.0,0.0,3
Riverside-Software/sonar-openedge,1.0,0.0,3
Haehnchen/idea-php-symfony2-plugin,1.0,0.0,3
SumoLogic/sumologic-jenkins-plugin,1.0,0.0,3
google/auto,0.0,0.0,2
apache/kylin,0.0,0.0,2
jitsi/jigasi,0.0,0.0,2
llbit/chunky,0.0,0.0,2
square/moshi,0.0,0.0,2
intuit/karate,0.5,0.70710678118654757,2
l3nz/ari4java,0.5,0.70710678118654757,2
ukanth/afwall,0.0,0.0,2
Erudika/scoold,0.0,0.0,2
phac-nml/irida,0.0,0.0,2
ram-on/SkyTube,0.5,0.70710678118654757,2
spinnaker/kork,0.0,0.0,2
twitter/zipkin,0.0,0.0,2
yegor256/takes,0.5,0.70710678118654757,2
Minres/SCViewer,0.0,0.0,2
SiLeBAT/FSK-Lab,0.0,0.0,2
azkaban/azkaban,0.0,0.0,2
ia-toki/judgels,0.5,0.70710678118654757,2
CloudSlang/score,0.0,0.0,2
DRE2N/DungeonsXL,0.0,0.0,2
ehcache/ehcache3,0.0,0.0,2
webbukkit/dynmap,0.0,0.0,2
Nylle/JavaFixture,0.0,0.0,2
UnboundID/ldapsdk,0.0,0.0,2
geotools/geotools,0.5,0.70710678118654757,2
osmdroid/osmdroid,0.0,0.0,2
LiquidEngine/legui,0.0,0.0,2
codeborne/selenide,0.5,0.70710678118654757,2
tabish121/proton4j,0.5,0.70710678118654757,2
TeamLapen/Vampirism,0.0,0.0,2
ari-zah/gaiasandbox,0.0,0.0,2
jpmml/jpmml-sklearn,0.0,0.0,2
nidi3/graphviz-java,0.0,0.0,2
opendaylight/bgpcep,0.5,0.70710678118654757,2
springfox/springfox,0.5,0.70710678118654757,2
eMoflon/emoflon-ibex,0.0,0.0,2
garbagemule/MobArena,0.0,0.0,2
icgc-dcc/dcc-storage,0.0,0.0,2
langurmonkey/gaiasky,0.0,0.0,2
venkatramanm/swf-all,0.0,0.0,2
Zhuinden/simple-stack,0.0,0.0,2
cjburkey01/ClaimChunk,0.0,0.0,2
raeleus/skin-composer,0.0,0.0,2
BloomBooks/BloomReader,0.0,0.0,2
OrienteerBAP/Orienteer,0.0,0.0,2
curioswitch/curiostack,0.0,0.0,2
henrichg/PhoneProfiles,0.0,0.0,2
OpenHFT/Chronicle-Queue,0.5,0.70710678118654757,2
georchestra/georchestra,0.0,0.0,2
Fr4gorSoftware/SecScanQR,0.0,0.0,2
WorksApplications/Sudachi,0.5,0.70710678118654757,2
apollostack/apollo-android,0.0,0.0,2
plusonelabs/calendar-widget,0.0,0.0,2
brarcher/loyalty-card-locker,0.0,0.0,2
lecousin/java-framework-core,0.5,0.70710678118654757,2
onemoonsci/nmrfxprocessorgui,0.5,0.70710678118654757,2
MineLittlePony/MineLittlePony,0.0,0.0,2
laurent-clouet/sheepit-client,0.0,0.0,2
spring-cloud/spring-cloud-bus,0.0,0.0,2
spring-cloud/spring-cloud-data,0.0,0.0,2
AnySoftKeyboard/AnySoftKeyboard,0.0,0.0,2
marklogic/marklogic-contentpump,0.0,0.0,2
GTNewHorizons/NewHorizonsCoreMod,0.0,0.0,2
spring-cloud/spring-cloud-consul,0.0,0.0,2
spring-cloud/spring-cloud-stream,0.0,0.0,2
BlackJar72/ClimaticBiomePlacement,0.0,0.0,2
innoveit/react-native-ble-manager,0.0,0.0,2
Terracotta-OSS/terracotta-platform,0.0,0.0,2
SeeSharpSoft/intellij-csv-validator,0.0,0.0,2
aoindustries/semanticcms-core-taglib,0.5,0.70710678118654757,2
gravitee-io/gravitee-repository-jdbc,0.0,0.0,2
Samourai-Wallet/samourai-wallet-android,0.0,0.0,2
GoogleCloudPlatform/cloud-opensource-java,0.0,0.0,2
InnovateUKGitHub/innovation-funding-service,0.0,0.0,2
sdl/Testy,1.0,0.0,2
wyu/ms2ms,1.0,0.0,2
k9mail/k-9,1.0,0.0,2
cping/LGame,1.0,0.0,2
JOML-CI/JOML,1.0,0.0,2
NoraUi/NoraUi,1.0,0.0,2
ghedlund/phon,1.0,0.0,2
restfb/restfb,1.0,0.0,2
akvo/akvo-flow,1.0,0.0,2
apache/archiva,1.0,0.0,2
seratch/jslack,1.0,0.0,2
NGSEP/NGSEPcore,1.0,0.0,2
Taskana/taskana,1.0,0.0,2
enilu/web-flash,1.0,0.0,2
giloutho/Logfly,1.0,0.0,2
nickbattle/vdmj,1.0,0.0,2
opencb/cellbase,1.0,0.0,2
apache/tinkerpop,1.0,0.0,2
hekate-io/hekate,1.0,0.0,2
linkedin/gobblin,1.0,0.0,2
metaborg/spoofax,1.0,0.0,2
specify/specify6,1.0,0.0,2
wso2/maven-tools,1.0,0.0,2
zapr-oss/druidry,1.0,0.0,2
openforis/collect,1.0,0.0,2
phoenixctms/ctsms,1.0,0.0,2
Longri/cachebox3.0,1.0,0.0,2
SimY4/xpath-to-xml,1.0,0.0,2
phax/ph-schematron,1.0,0.0,2
vert-x3/vertx-auth,1.0,0.0,2
endeavourhealth/EDS,1.0,0.0,2
didclab/onedatashare,1.0,0.0,2
wallabag/android-app,1.0,0.0,2
andreynovikov/maptrek,1.0,0.0,2
imCodePartnerAB/imcms,1.0,0.0,2
kubernetes-client/java,1.0,0.0,2
apache/activemq-artemis,1.0,0.0,2
athrane/bassebombecraft,1.0,0.0,2
PreibischLab/BigStitcher,1.0,0.0,2
cytoscape/cytoscape-impl,1.0,0.0,2
OpenDA-Association/OpenDA,1.0,0.0,2
firebirdberlin/nightdream,1.0,0.0,2
ngageoint/geopackage-java,1.0,0.0,2
raydac/netbeans-mmd-plugin,1.0,0.0,2
cloudfoundry/cf-java-client,1.0,0.0,2
i-net-software/JWebAssembly,1.0,0.0,2
mit-cml/appinventor-sources,1.0,0.0,2
Consdata/sonarqube-companion,1.0,0.0,2
chipster/chipster-web-server,1.0,0.0,2
jenkinsci/credentials-plugin,1.0,0.0,2
nvdb-vegdata/nvdb-api-client,1.0,0.0,2
WhisperSystems/Signal-Android,1.0,0.0,2
google-pay/android-quickstart,1.0,0.0,2
tuomount/Open-Realms-of-Stars,1.0,0.0,2
ngageoint/geopackage-core-java,1.0,0.0,2
calimero-project/calimero-device,1.0,0.0,2
SoapboxRaceWorld/soapbox-race-core,1.0,0.0,2
Helioviewer-Project/JHelioviewer-SWHV,1.0,0.0,2
aoindustries/semanticcms-core-servlet,1.0,0.0,2
carlos-sancho-ramirez/android-java-langbook,1.0,0.0,2
xnio/xnio,0.0,,1
qmetry/qaf,0.0,,1
xtf-cz/xtf,0.0,,1
yahoo/fili,0.0,,1
Neamar/KISS,0.0,,1
gekoh/yaGen,0.0,,1
nutzam/nutz,0.0,,1
web3j/web3j,0.0,,1
FINRAOS/herd,0.0,,1
LWJGL/lwjgl3,0.0,,1
apache/maven,0.0,,1
csowada/ebus,0.0,,1
hal/hal.next,0.0,,1
jitsi/jicofo,0.0,,1
Netflix/Priam,0.0,,1
alibaba/canal,0.0,,1
apache/pdfbox,0.0,,1
exteso/alf.io,0.0,,1
ical4j/ical4j,0.0,,1
nats-io/jnats,0.0,,1
ontodev/robot,0.0,,1
stolsvik/mats,0.0,,1
IDPF/epubcheck,0.0,,1
WesJD/AnvilGUI,0.0,,1
hpehl/hal.next,0.0,,1
jpaulm/drawfbp,0.0,,1
remkop/picocli,0.0,,1
spinnaker/fiat,0.0,,1
BrightSpots/rcv,0.0,,1
Deltik/SignEdit,0.0,,1
OpenFeign/feign,0.0,,1
SensorsINI/jaer,0.0,,1
fcrepo4/fcrepo4,0.0,,1
folio-org/okapi,0.0,,1
graknlabs/grakn,0.0,,1
pinterest/secor,0.0,,1
robcast/digilib,0.0,,1
square/retrofit,0.0,,1
Flipkart/foxtrot,0.0,,1
auth0/auth0-java,0.0,,1
box/box-java-sdk,0.0,,1
mbudiu-vmw/hiero,0.0,,1
opencadc/caom2db,0.0,,1
raphw/byte-buddy,0.0,,1
FXMisc/RichTextFX,0.0,,1
MyCoRe-Org/mycore,0.0,,1
ObeoNetwork/M2Doc,0.0,,1
alfasoftware/morf,0.0,,1
apache/bookkeeper,0.0,,1
apache/uima-uimaj,0.0,,1
line/centraldogma,0.0,,1
visallo/vertexium,0.0,,1
wyvernlang/wyvern,0.0,,1
NERC-CEH/catalogue,0.0,,1
dbisUnibas/cineast,0.0,,1
tr7zw/Item-NBT-API,0.0,,1
AddstarMC/Minigames,0.0,,1
DataVault/datavault,0.0,,1
MCME/MCME-Architect,0.0,,1
PioBeat/GravSupport,0.0,,1
Vauff/Maunz-Discord,0.0,,1
archimatetool/archi,0.0,,1
saalfeldlab/bigwarp,0.0,,1
Ifsttar/NoiseCapture,0.0,,1
apiman/apiman-studio,0.0,,1
armenak/DataDefender,0.0,,1
datastax/java-driver,0.0,,1
elBukkit/MagicPlugin,0.0,,1
jmrozanec/cron-utils,0.0,,1
rsocket/rsocket-java,0.0,,1
strapdata/elassandra,0.0,,1
undertow-io/undertow,0.0,,1
MC-U-Team/U-Team-Core,0.0,,1
SonarSource/sonarqube,0.0,,1
TechReborn/TechReborn,0.0,,1
Torridity/dsworkbench,0.0,,1
arnowelzel/periodical,0.0,,1
rarspace01/pirateboat,0.0,,1
v5analytics/vertexium,0.0,,1
vert-x3/vertx-codegen,0.0,,1
FasterXML/jackson-core,0.0,,1
ReplayMod/ReplayStudio,0.0,,1
TomasMikula/RichTextFX,0.0,,1
b3dgs/lionheart-remake,0.0,,1
opendaylight/yangtools,0.0,,1
cBioPortal/genome-nexus,0.0,,1
ceskaexpedice/kramerius,0.0,,1
jeffgbutler/mybatis-qbe,0.0,,1
kaltura/playkit-android,0.0,,1
kickstarter/android-oss,0.0,,1
nikita36078/J2ME-Loader,0.0,,1
opendaylight/controller,0.0,,1
synthetichealth/synthea,0.0,,1
Apicurio/apicurio-studio,0.0,,1
Steveice10/MCProtocolLib,0.0,,1
dickschoeller/gedbrowser,0.0,,1
elixir-no-nels/trackfind,0.0,,1
krasa/StringManipulation,0.0,,1
SilentChaos512/SilentGems,0.0,,1
actframework/actframework,0.0,,1
mopemope/meghanada-server,0.0,,1
resilience4j/resilience4j,0.0,,1
ryandw11/CustomStructures,0.0,,1
DataSketches/sketches-core,0.0,,1
wso2/wso2-axis2-transports,0.0,,1
ArtOfIllusion/ArtOfIllusion,0.0,,1
segmentio/analytics-android,0.0,,1
Alfresco/alfresco-repository,0.0,,1
bfabiszewski/ulogger-android,0.0,,1
google/data-transfer-project,0.0,,1
fabric8io/docker-maven-plugin,0.0,,1
mojohaus/flatten-maven-plugin,0.0,,1
researchstudio-sat/webofneeds,0.0,,1
PerimeterX/perimeterx-java-sdk,0.0,,1
ericberman/MyFlightbookAndroid,0.0,,1
itachi1706/CheesecakeUtilities,0.0,,1
winder/Universal-G-Code-Sender,0.0,,1
MovingBlocks/TerasologyLauncher,0.0,,1
TelefonicaED/liferaylms-portlet,0.0,,1
bravelocation/yeltzland-android,0.0,,1
kiegroup/droolsjbpm-integration,0.0,,1
droolsjbpm/droolsjbpm-integration,0.0,,1
GerritCodeReview/plugins_reviewers,0.0,,1
apache/cordova-plugin-inappbrowser,0.0,,1
mCodex/react-native-sensitive-info,0.0,,1
Esri/arcgis-runtime-samples-android,0.0,,1
neo4j-contrib/neo4j-apoc-procedures,0.0,,1
aerogear/aerogear-unifiedpush-server,0.0,,1
infobip/mobile-messaging-sdk-android,0.0,,1
GoogleCloudPlatform/java-docs-samples,0.0,,1
SuperAwesomeLTD/sa-mobile-sdk-android,0.0,,1
Notificare/notificare-push-lib-cordova,0.0,,1
StasDoskalenko/react-native-google-fit,0.0,,1
NordicSemiconductor/Android-DFU-Library,0.0,,1
johan12345/substitution-schedule-parser,0.0,,1
blackuy/react-native-twilio-video-webrtc,0.0,,1
tanguyantoine/react-native-music-control,0.0,,1
wso2-extensions/identity-inbound-auth-saml,0.0,,1
wordpress-mobile/WordPress-Login-Flow-Android,0.0,,1
BuddhistDigitalResourceCenter/xmltoldmigration,0.0,,1
spring-cloud-incubator/spring-cloud-kubernetes,0.0,,1
vertretungsplanme/substitution-schedule-parser,0.0,,1
spring-cloud/spring-cloud-deployer-cloudfoundry,0.0,,1
wso2-extensions/identity-inbound-provisioning-scim2,0.0,,1
oehf/ipf,1.0,,1
forax/pro,1.0,,1
jbee/silk,1.0,,1
Ipsis/Woot,1.0,,1
PLOS/wombat,1.0,,1
conveyal/r5,1.0,,1
google/j2cl,1.0,,1
phax/ph-web,1.0,,1
JavaDogs/cws,1.0,,1
RetGal/Dayon,1.0,,1
ccrama/Slide,1.0,,1
cemrich/zapp,1.0,,1
gg-net/dwoss,1.0,,1
openbase/jul,1.0,,1
spotify/styx,1.0,,1
cismet/verdis,1.0,,1
flocke/andOTP,1.0,,1
oncokb/oncokb,1.0,,1
bmwcarit/joynr,1.0,,1
da-nrw/DNSCore,1.0,,1
dreamhead/moco,1.0,,1
jub77/grafikon,1.0,,1
mlhartme/stool,1.0,,1
naver/pinpoint,1.0,,1
vigna/fastutil,1.0,,1
Aeronica/mxTune,1.0,,1
FreeCol/freecol,1.0,,1
Netflix/EVCache,1.0,,1
Shevchik/TNTRun,1.0,,1
TealCube/strife,1.0,,1
Yggard/BrokkGUI,1.0,,1
dimagi/commcare,1.0,,1
luwrain/luwrain,1.0,,1
4treesCH/strolch,1.0,,1
AlmasB/FXGLGames,1.0,,1
edoweb/regal-api,1.0,,1
eitchnet/strolch,1.0,,1
logic-ng/LogicNG,1.0,,1
maruohon/minihud,1.0,,1
pugwoo/woo-utils,1.0,,1
renyuneyun/Easer,1.0,,1
steinarb/ukelonn,1.0,,1
wcmc-its/ReCiter,1.0,,1
Armarr/Autorank-2,1.0,,1
IvoLimmen/mystart,1.0,,1
Jigsaw-Code/Intra,1.0,,1
Nike-Inc/cerberus,1.0,,1
OpenVidu/openvidu,1.0,,1
anotheria/moskito,1.0,,1
diffplug/spotless,1.0,,1
elki-project/elki,1.0,,1
realityforge/arez,1.0,,1
Adyen/adyen-hybris,1.0,,1
Flash3388/FlashLib,1.0,,1
SEARCH-NCJIS/nibrs,1.0,,1
apache/commons-jcs,1.0,,1
domaframework/doma,1.0,,1
eckig/graph-editor,1.0,,1
php-coder/mystamps,1.0,,1
zdila/gpx-animator,1.0,,1
Asqatasun/Asqatasun,1.0,,1
OpenTOSCA/container,1.0,,1
ReplayMod/ReplayMod,1.0,,1
apache/commons-lang,1.0,,1
ashish-gehani/SPADE,1.0,,1
auth0/Auth0.Android,1.0,,1
bazelbuild/intellij,1.0,,1
jqno/equalsverifier,1.0,,1
maxmind/GeoIP2-java,1.0,,1
sporniket/javabeans,1.0,,1
svenkubiak/mangooio,1.0,,1
wcm-io-devops/conga,1.0,,1
xwiki/xwiki-commons,1.0,,1
Staartvin/Autorank-2,1.0,,1
aoindustries/ao-tlds,1.0,,1
cismet/verdis-server,1.0,,1
cloudevents/sdk-java,1.0,,1
dimagi/commcare-core,1.0,,1
f-droid/fdroidclient,1.0,,1
igniterealtime/Smack,1.0,,1
ARIG-Robotique/robots,1.0,,1
AdeptJ/adeptj-runtime,1.0,,1
Brian-Wuest/MC-Prefab,1.0,,1
GluuFederation/oxAuth,1.0,,1
UKGovLD/registry-core,1.0,,1
apache/jackrabbit-oak,1.0,,1
codelibs/fess-suggest,1.0,,1
open-eid/MOPP-Android,1.0,,1
simlar/simlar-android,1.0,,1
smartcommunitylab/AAC,1.0,,1
weaondara/BungeePerms,1.0,,1
GluuFederation/oxTrust,1.0,,1
SleepyTrousers/EnderIO,1.0,,1
Sp2000/colplus-backend,1.0,,1
droolsjbpm/optaplanner,1.0,,1
palantir/http-remoting,1.0,,1
realrolfje/anonimatron,1.0,,1
BrunoEberhard/minimal-j,1.0,,1
EnFlexIT/AgentWorkbench,1.0,,1
Mindgamesnl/OpenAudioMc,1.0,,1
apache/incubator-groovy,1.0,,1
heuermh/dishevelled-bio,1.0,,1
junit-team/junit-lambda,1.0,,1
neo4j/neo4j-java-driver,1.0,,1
rubenlagus/TelegramBots,1.0,,1
sebastiencaille/sky-lib,1.0,,1
williamfiset/Algorithms,1.0,,1
TheBusyBiscuit/Slimefun4,1.0,,1
erdemolkun/instant-rates,1.0,,1
pkiraly/metadata-qa-marc,1.0,,1
technecloud/cronapi-java,1.0,,1
AsteroidOS/AsteroidOSSync,1.0,,1
apache/commons-fileupload,1.0,,1
atlassian/commonmark-java,1.0,,1
bbottema/simple-java-mail,1.0,,1
amzn/alexa-skills-kit-java,1.0,,1
amzn/exoplayer-amazon-port,1.0,,1
codescape/jira-scrum-poker,1.0,,1
paritytrading/philadelphia,1.0,,1
Countly/countly-sdk-android,1.0,,1
EpiCanard/GlobalMarketChest,1.0,,1
JaumeRibas/Aether2DImgMaker,1.0,,1
JetBrains/intellij-sdk-docs,1.0,,1
apache/jackrabbit-filevault,1.0,,1
enterpriseDomain/ClassMaker,1.0,,1
firebase/FirebaseUI-Android,1.0,,1
jenkinsci/kubernetes-plugin,1.0,,1
proninyaroslav/libretorrent,1.0,,1
rt2zz/react-native-contacts,1.0,,1
tim-savage/SavageDeathChest,1.0,,1
MarginallyClever/Makelangelo,1.0,,1
thm-projects/arsnova-backend,1.0,,1
wildfly-security/elytron-web,1.0,,1
CruGlobal/android-gto-support,1.0,,1
bertilmuth/requirementsascode,1.0,,1
folio-org/raml-module-builder,1.0,,1
rfoltyns/log4j2-elasticsearch,1.0,,1
GwtMaterialDesign/gwt-material,1.0,,1
opengeogroep/safetymaps-server,1.0,,1
calimero-project/calimero-tools,1.0,,1
watson-developer-cloud/java-sdk,1.0,,1
calimero-project/calimero-server,1.0,,1
judovana/jenkins-scm-koji-plugin,1.0,,1
killbilling/recurly-java-library,1.0,,1
nimble-platform/identity-service,1.0,,1
wikimedia/apps-android-wikipedia,1.0,,1
Doloops/arondor-common-reflection,1.0,,1
wonderpush/wonderpush-android-sdk,1.0,,1
ThomasGaubert/openvr-notifications,1.0,,1
sizebay/Sizebay-Catalog-API-Client,1.0,,1
GoogleChrome/android-browser-helper,1.0,,1
leschzinerlab/COSMIC-CryoEM-Gateway,1.0,,1
Nike-Inc/cerberus-management-service,1.0,,1
cianfrocco-lab/COSMIC-CryoEM-Gateway,1.0,,1
mbarre/schemacrawler-additional-lints,1.0,,1
zsmartsystems/com.zsmartsystems.zigbee,1.0,,1
GeoscienceAustralia/Geodesy-Web-Services,1.0,,1
wildfly-clustering/wildfly-clustering-tomcat,1.0,,1
